indice,support,heap_size,num_groups,fraction,sample_size,patterns_count,reduced_patterns_count,pfp_time_sec,alpha_extraction_time_sec
0,10,16,1,1.0,276484,72899,71623,32.9417977739995,1.043108828000186
1,10,16,2,1.0,276484,72808,71533,25.144772806999754,1.0476799009993556
2,10,16,4,1.0,276484,72773,71500,23.32317143200089,1.104457684999943
3,10,16,8,1.0,276484,72759,71484,23.453590106000775,1.0053496250002354
4,10,16,16,1.0,276484,72751,71476,26.535206074000598,1.059531902999879
5,10,16,32,1.0,276484,72751,71476,30.757186863998868,1.0687486440001521
6,10,16,64,1.0,276484,72748,71473,34.33390792699902,1.045668693001062
7,10,16,128,1.0,276484,72747,71472,37.30561644399859,1.041920511999706
8,10,16,256,1.0,276484,72746,71471,39.357150043999354,1.0595993049992103
9,10,32,1,1.0,276484,99735,98127,32.80019391499991,1.1213014749991999
10,10,32,2,1.0,276484,99620,98009,25.448642530998768,1.1102829049996217
11,10,32,4,1.0,276484,99580,97968,23.75961585600089,1.1021263309994538
12,10,32,8,1.0,276484,99585,97974,23.570021884999733,1.1441257070000574
13,10,32,16,1.0,276484,99570,97958,26.51220166499843,1.1368878349985607
14,10,32,32,1.0,276484,99568,97955,30.587972016001004,1.142266737000682
15,10,32,64,1.0,276484,99566,97954,34.409864897999796,1.1437358189996303
16,10,32,128,1.0,276484,99565,97952,37.50147260399899,1.150235047998649
17,10,32,256,1.0,276484,99563,97950,39.52180196699919,1.1455398159996548
18,10,64,1,1.0,276484,128357,126299,32.9022781929998,1.1862186829985149
19,10,64,2,1.0,276484,128210,126154,25.424161517001266,1.2653865550000774
20,10,64,4,1.0,276484,128174,126121,23.764542666000125,1.2606239870001446
21,10,64,8,1.0,276484,128165,126106,23.655446660999587,1.1775628010000219
22,10,64,16,1.0,276484,128128,126070,26.54393987700132,1.2723505419999128
23,10,64,32,1.0,276484,128125,126066,30.727177819000644,1.2406372229997942
24,10,64,64,1.0,276484,128124,126064,34.62777334800012,1.2207506830000057
25,10,64,128,1.0,276484,128122,126062,37.442864216998714,1.216004157999123
26,10,64,256,1.0,276484,128125,126066,39.66207621799913,1.216749911000079
27,10,128,1,1.0,276484,153217,150731,33.18669629000033,1.238973415000146
28,10,128,2,1.0,276484,152983,150497,25.58675257699906,1.2784803390004527
29,10,128,4,1.0,276484,153010,150524,23.730657612999494,1.3310776839989558
30,10,128,8,1.0,276484,152967,150485,23.704155482000715,1.2810355290002917
31,10,128,16,1.0,276484,152953,150473,26.62077101400064,1.3017945749998034
32,10,128,32,1.0,276484,152958,150477,30.81502295700011,1.2820781240006909
33,10,128,64,1.0,276484,152965,150482,34.6920569269987,1.2534790039990185
34,10,128,128,1.0,276484,152957,150475,37.73617361900142,1.2741773189991363
35,10,128,256,1.0,276484,152959,150477,39.81913295800041,1.3246300779992453
36,10,256,1,1.0,276484,168147,165546,33.56394745500074,1.3262109179995605
37,10,256,2,1.0,276484,167864,165266,25.69683496700054,1.345227766001699
38,10,256,4,1.0,276484,167858,165259,23.82730484500098,1.3733573230001639
39,10,256,8,1.0,276484,167878,165280,23.815057584999522,1.3053882220010564
40,10,256,16,1.0,276484,167848,165248,26.6022132170001,1.3641050930000347
41,10,256,32,1.0,276484,167847,165248,30.897732770001312,1.3738202350014035
42,10,256,64,1.0,276484,167859,165260,34.58069318700109,1.3702423369995813
43,10,256,128,1.0,276484,167851,165252,37.571693136998874,1.3065470969995658
44,10,256,256,1.0,276484,167850,165251,39.792799614000614,1.3229364730013913
45,10,512,1,1.0,276484,176833,174212,33.23765439999988,1.3488474440000573
46,10,512,2,1.0,276484,176788,174167,25.900743766000232,1.37095115000011
47,10,512,4,1.0,276484,176794,174174,24.020668466000643,1.2904121089995897
48,10,512,8,1.0,276484,176795,174174,24.07380834400101,1.3339542020003137
49,10,512,16,1.0,276484,176805,174184,26.65411032600059,1.3563817599988397
50,10,512,32,1.0,276484,176796,174175,31.042004189999716,1.354756490998625
51,10,512,64,1.0,276484,176810,174189,34.8674508109998,1.4008816040004604
52,10,512,128,1.0,276484,176813,174192,37.708163154999056,1.357158304999757
53,10,512,256,1.0,276484,176801,174180,39.72281442500025,1.3741936450005596
54,10,1024,1,1.0,276484,182035,179411,33.360416516999976,1.4730612120001751
55,10,1024,2,1.0,276484,182030,179406,25.918477299999722,1.475346602001082
56,10,1024,4,1.0,276484,182012,179388,24.070640814999933,1.4865698470002826
57,10,1024,8,1.0,276484,182035,179411,23.975997955998537,1.490802825001083
58,10,1024,16,1.0,276484,182003,179379,26.973564193998754,1.4725448459994368
59,10,1024,32,1.0,276484,182015,179391,31.122975545000372,1.484709694999765
60,10,1024,64,1.0,276484,182012,179388,35.056812074000845,1.5160312940006406
61,10,1024,128,1.0,276484,181997,179373,37.87573852999958,1.4545937969996885
62,10,1024,256,1.0,276484,182015,179391,39.85744114600129,1.5069838120016357
63,40,16,1,1.0,276484,8353,8259,21.429475652999827,0.8399432030000753
64,40,16,2,1.0,276484,8350,8256,18.345435766001174,0.8305199160004122
65,40,16,4,1.0,276484,8348,8254,18.213182531999337,0.9380239630008873
66,40,16,8,1.0,276484,8348,8254,17.7893066380002,0.8950352890005888
67,40,16,16,1.0,276484,8351,8257,20.893074148001688,0.9153467650012317
68,40,16,32,1.0,276484,8351,8257,23.134369968998726,0.852446789998794
69,40,16,64,1.0,276484,8351,8257,24.813695581999127,0.8834011420003662
70,40,16,128,1.0,276484,8351,8257,26.194576210999003,0.9091326750003645
71,40,16,256,1.0,276484,8351,8257,26.590200725000614,0.8643590359988593
72,40,32,1,1.0,276484,10162,10058,21.441957873999854,0.8735365579996142
73,40,32,2,1.0,276484,10163,10059,18.614500944999236,0.8328880770004616
74,40,32,4,1.0,276484,10162,10059,18.1371504359995,0.8553331660004915
75,40,32,8,1.0,276484,10162,10058,17.70774171800076,0.8822332280014962
76,40,32,16,1.0,276484,10156,10053,20.748453775999224,0.8486072659998172
77,40,32,32,1.0,276484,10157,10054,23.159458804999304,0.8504234020001604
78,40,32,64,1.0,276484,10156,10053,25.003778242999033,0.9106124619993352
79,40,32,128,1.0,276484,10157,10054,26.214243970000098,0.9073922929983382
80,40,32,256,1.0,276484,10157,10054,26.96262822100107,0.8401917179999145
81,40,64,1,1.0,276484,11465,11355,21.53489948599963,0.8909247880001203
82,40,64,2,1.0,276484,11463,11353,18.331440124000437,0.9629716460003692
83,40,64,4,1.0,276484,11461,11351,18.88418726599957,0.852939566000714
84,40,64,8,1.0,276484,11462,11352,17.825755776000733,0.936733770000501
85,40,64,16,1.0,276484,11461,11351,20.93010755599971,0.8895577819985192
86,40,64,32,1.0,276484,11461,11351,23.08223608300068,0.9229844259989477
87,40,64,64,1.0,276484,11461,11351,25.02821940300055,0.9110715840015473
88,40,64,128,1.0,276484,11461,11351,26.40196736300095,0.895806069000173
89,40,64,256,1.0,276484,11461,11351,26.927625952999733,0.8847206639984506
90,40,128,1,1.0,276484,12044,11934,21.4671993310003,0.8884757749983692
91,40,128,2,1.0,276484,12042,11932,18.27920321200145,0.9089724839977862
92,40,128,4,1.0,276484,12040,11930,18.238244447002216,0.8749728879993199
93,40,128,8,1.0,276484,12040,11930,17.840494914999,0.8546750060013437
94,40,128,16,1.0,276484,12041,11931,20.837726406,0.8636554820004676
95,40,128,32,1.0,276484,12041,11931,23.241431203998218,0.9244544060020417
96,40,128,64,1.0,276484,12041,11931,24.887982334999833,0.9039686680007435
97,40,128,128,1.0,276484,12041,11931,26.290310942997166,0.9083362220007984
98,40,128,256,1.0,276484,12041,11931,26.664837931002694,0.8839860530024453
99,40,256,1,1.0,276484,12120,12010,21.55995304499811,0.8868741180012876
100,40,256,2,1.0,276484,12119,12009,18.332705167998938,0.8671636220024084
101,40,256,4,1.0,276484,12119,12009,18.14325897800154,0.9058982399983506
102,40,256,8,1.0,276484,12119,12009,17.765527170002315,0.892592287997104
103,40,256,16,1.0,276484,12119,12009,24.6089242449998,0.8560347139973601
104,40,256,32,1.0,276484,12119,12009,23.35400075799771,0.9497439139995549
105,40,256,64,1.0,276484,12119,12009,24.974199465999845,0.861435499999061
106,40,256,128,1.0,276484,12119,12009,26.327280980996875,0.8899578620003012
107,40,256,256,1.0,276484,12119,12009,26.726443313000345,0.9202782889988157
108,40,512,1,1.0,276484,12125,12015,21.646293419002177,0.8629421209989232
109,40,512,2,1.0,276484,12125,12015,17.982759566999448,0.9072619569997187
110,40,512,4,1.0,276484,12125,12015,18.088194934000057,0.9197108309999749
111,40,512,8,1.0,276484,12125,12015,17.675291659001232,0.8759178960026475
112,40,512,16,1.0,276484,12125,12015,20.850117142999807,0.8466196899971692
113,40,512,32,1.0,276484,12125,12015,23.10271250200094,0.9432231459977629
114,40,512,64,1.0,276484,12125,12015,24.785342392999155,0.9302369219985849
115,40,512,128,1.0,276484,12125,12015,26.15406421499938,0.8786985849983466
116,40,512,256,1.0,276484,12125,12015,26.693156362998707,0.858474685002875
117,40,1024,1,1.0,276484,12125,12015,21.48341071699906,0.9392285840003751
118,40,1024,2,1.0,276484,12125,12015,18.37142342900188,0.8517582589993253
119,40,1024,4,1.0,276484,12125,12015,18.098118961999717,0.9008306420000736
120,40,1024,8,1.0,276484,12125,12015,17.8384381629985,0.919736391002516
121,40,1024,16,1.0,276484,12125,12015,20.899291965000884,0.9053003270018962
122,40,1024,32,1.0,276484,12125,12015,23.132757137002045,0.9063282269999036
123,40,1024,64,1.0,276484,12125,12015,24.856364196999493,0.8717839829987497
124,40,1024,128,1.0,276484,12125,12015,26.287598989998514,0.8491440180005156
125,40,1024,256,1.0,276484,12125,12015,26.59319821900135,0.9729697129987471
126,65,16,1,1.0,276484,3633,3615,18.88674329100104,0.8496937009986141
127,65,16,2,1.0,276484,3633,3615,16.66636781499983,0.8304396839994297
128,65,16,4,1.0,276484,3633,3615,15.966649915000744,0.8521545389994571
129,65,16,8,1.0,276484,3634,3616,16.23183874499955,0.9030811439988611
130,65,16,16,1.0,276484,3634,3616,18.30520668999816,0.8571873669970955
131,65,16,32,1.0,276484,3634,3616,19.568484130999423,0.8402082480024546
132,65,16,64,1.0,276484,3634,3616,20.92978877800124,0.8690903530005016
133,65,16,128,1.0,276484,3634,3616,21.811310856999626,0.9074232700004359
134,65,16,256,1.0,276484,3634,3616,22.027712590999727,0.9142701950004266
135,65,32,1,1.0,276484,4270,4250,18.968628557999182,0.8819298019989219
136,65,32,2,1.0,276484,4270,4250,16.735306773000048,0.8401046960025269
137,65,32,4,1.0,276484,4269,4249,16.096584246999555,0.887737136999931
138,65,32,8,1.0,276484,4269,4249,16.26915310700133,0.8619614749986795
139,65,32,16,1.0,276484,4269,4249,18.293589135999355,0.8513092799985316
140,65,32,32,1.0,276484,4269,4249,19.63869543999681,0.9131984199993894
141,65,32,64,1.0,276484,4269,4249,24.42059219800285,0.9095511609993991
142,65,32,128,1.0,276484,4269,4249,21.89797911200003,0.9055619200007641
143,65,32,256,1.0,276484,4269,4249,22.315857301997312,0.9219149010023102
144,65,64,1,1.0,276484,4656,4636,18.942428468999424,0.8771678259981854
145,65,64,2,1.0,276484,4656,4636,16.599600923000253,0.8547468589968048
146,65,64,4,1.0,276484,4655,4635,15.875505682000949,0.9093800010014093
147,65,64,8,1.0,276484,4655,4635,16.21893214100055,0.8920795119993272
148,65,64,16,1.0,276484,4655,4635,17.810921444997803,0.8011435169973993
149,65,64,32,1.0,276484,4655,4635,19.320649015000527,0.8916430969984503
150,65,64,64,1.0,276484,4655,4635,20.76457108899922,0.8693537049985025
151,65,64,128,1.0,276484,4655,4635,21.558816529002797,0.8218205989978742
152,65,64,256,1.0,276484,4655,4635,21.80250046400033,0.8689073560017277
153,65,128,1,1.0,276484,4738,4718,18.788911612999073,0.8860982799997146
154,65,128,2,1.0,276484,4739,4719,16.693964459002018,0.8399965930002509
155,65,128,4,1.0,276484,4739,4719,15.931998832998943,0.8910708439980226
156,65,128,8,1.0,276484,4739,4719,16.182268461001513,0.888879382997402
157,65,128,16,1.0,276484,4739,4719,18.135343027999625,0.954763494002691
158,65,128,32,1.0,276484,4739,4719,19.31735889400079,0.8955260349976015
159,65,128,64,1.0,276484,4739,4719,20.837760376001825,0.8413306479997118
160,65,128,128,1.0,276484,4739,4719,21.557235355998273,0.9001582700002473
161,65,128,256,1.0,276484,4739,4719,21.93616216599912,0.8635341290028009
162,65,256,1,1.0,276484,4739,4719,18.77739285899952,0.8569255729998986
163,65,256,2,1.0,276484,4739,4719,16.797750192999956,0.855425068999466
164,65,256,4,1.0,276484,4739,4719,16.06236906900085,0.8414071359984518
165,65,256,8,1.0,276484,4739,4719,16.265011366998806,0.8574903199987602
166,65,256,16,1.0,276484,4739,4719,18.07897094299915,0.890834518999327
167,65,256,32,1.0,276484,4739,4719,19.48610995600029,0.8813869949990476
168,65,256,64,1.0,276484,4739,4719,20.74486575499759,0.8905254609999247
169,65,256,128,1.0,276484,4739,4719,21.61234400900139,0.856989990999864
170,65,256,256,1.0,276484,4739,4719,21.71363499799918,0.8671159689984052
171,65,512,1,1.0,276484,4739,4719,18.844899413001258,0.9015986500016879
172,65,512,2,1.0,276484,4739,4719,16.650660871000582,0.8733757700028946
173,65,512,4,1.0,276484,4739,4719,15.915127986998414,0.8894668129978527
174,65,512,8,1.0,276484,4739,4719,16.28840406100062,0.9233228310004051
175,65,512,16,1.0,276484,4739,4719,18.17950399399706,0.8685028420004528
176,65,512,32,1.0,276484,4739,4719,19.36279738200028,0.9046476089970383
177,65,512,64,1.0,276484,4739,4719,20.800993329001358,0.8642143369979749
178,65,512,128,1.0,276484,4739,4719,21.50337103899801,0.8827997020016483
179,65,512,256,1.0,276484,4739,4719,21.877879121999285,0.825338256003306
180,65,1024,1,1.0,276484,4739,4719,18.795270952003193,0.8561611849982
181,65,1024,2,1.0,276484,4739,4719,16.84570753099979,0.8324449950014241
182,65,1024,4,1.0,276484,4739,4719,15.957138665002276,0.8612872699995933
183,65,1024,8,1.0,276484,4739,4719,17.097551629001828,0.8387349080003332
184,65,1024,16,1.0,276484,4739,4719,18.029028819000814,0.9005084579985123
185,65,1024,32,1.0,276484,4739,4719,19.413713867998013,0.8897621790019912
186,65,1024,64,1.0,276484,4739,4719,20.866128862999176,0.8734105639996415
187,65,1024,128,1.0,276484,4739,4719,21.727414011998917,0.8819411539989233
188,65,1024,256,1.0,276484,4739,4719,21.82527223299985,0.9158694440011459
189,95,16,1,1.0,276484,1874,1869,16.716814635998162,0.7879830930032767
190,95,16,2,1.0,276484,1874,1869,14.885402572999737,0.8905177850028849
191,95,16,4,1.0,276484,1874,1869,14.53875075399992,0.8717139439977473
192,95,16,8,1.0,276484,1875,1870,14.575842834001378,0.8331615819988656
193,95,16,16,1.0,276484,1875,1870,16.119880502999877,0.8310804499997175
194,95,16,32,1.0,276484,1875,1870,16.659937913998874,0.8745196429990756
195,95,16,64,1.0,276484,1875,1870,17.513889333000407,0.8321152399985294
196,95,16,128,1.0,276484,1875,1870,17.93827602500096,0.8671219330026361
197,95,16,256,1.0,276484,1875,1870,18.218366078002873,0.8098035609982617
198,95,32,1,1.0,276484,2133,2128,16.6855733400007,0.8324864530004561
199,95,32,2,1.0,276484,2133,2128,14.828750376000244,0.8503404170005524
200,95,32,4,1.0,276484,2132,2127,14.490529007001896,0.80620138499944
201,95,32,8,1.0,276484,2131,2126,14.65676827399875,0.8329044120000617
202,95,32,16,1.0,276484,2131,2126,16.052273599001637,0.8946235360017454
203,95,32,32,1.0,276484,2131,2126,16.712936001000344,0.8510154819996387
204,95,32,64,1.0,276484,2131,2126,17.644287222999992,0.7833554229982838
205,95,32,128,1.0,276484,2131,2126,17.75498668399814,0.9092991329998767
206,95,32,256,1.0,276484,2131,2126,18.236419352000667,0.8893553569978394
207,95,64,1,1.0,276484,2207,2202,16.625222946997383,0.8540317779988982
208,95,64,2,1.0,276484,2207,2202,14.901472947000002,0.8415756120011793
209,95,64,4,1.0,276484,2207,2202,14.46850950299995,0.7910544860023947
210,95,64,8,1.0,276484,2207,2202,14.635375164001744,0.8724076100006641
211,95,64,16,1.0,276484,2207,2202,15.99973509800111,0.8703183120014728
212,95,64,32,1.0,276484,2207,2202,16.782888896999793,0.806080053000187
213,95,64,64,1.0,276484,2207,2202,17.54631798400078,0.8721915380010614
214,95,64,128,1.0,276484,2207,2202,17.723189121999894,0.8120540899981279
215,95,64,256,1.0,276484,2207,2202,18.138994583001477,0.863164135000261
216,95,128,1,1.0,276484,2211,2206,16.68987674899836,0.862216317000275
217,95,128,2,1.0,276484,2211,2206,14.876025100002153,0.7942758190001769
218,95,128,4,1.0,276484,2211,2206,14.473004419000063,0.8171942139997554
219,95,128,8,1.0,276484,2211,2206,14.639754814998014,0.8111424189992249
220,95,128,16,1.0,276484,2211,2206,16.03702312200039,0.8580218960014463
221,95,128,32,1.0,276484,2211,2206,16.594878908999817,0.8927608390004025
222,95,128,64,1.0,276484,2211,2206,17.528129280999565,0.8041619929972512
223,95,128,128,1.0,276484,2211,2206,17.755443681999168,0.8899683260024176
224,95,128,256,1.0,276484,2211,2206,18.23012722400017,0.8785759790007432
225,95,256,1,1.0,276484,2211,2206,16.584366744002182,0.8056918469992524
226,95,256,2,1.0,276484,2211,2206,14.775826084998698,0.9247621569993498
227,95,256,4,1.0,276484,2211,2206,14.540419689998089,0.8585713790016598
228,95,256,8,1.0,276484,2211,2206,14.601172300001053,0.855934655002784
229,95,256,16,1.0,276484,2211,2206,15.95893129000251,0.9015888119974989
230,95,256,32,1.0,276484,2211,2206,16.67185625100319,0.860919393999211
231,95,256,64,1.0,276484,2211,2206,17.451217083998927,0.8845788519975031
232,95,256,128,1.0,276484,2211,2206,17.78825840599893,0.8944716089972644
233,95,256,256,1.0,276484,2211,2206,18.229300686998613,0.8157426809993922
234,95,512,1,1.0,276484,2211,2206,16.685349497998686,0.8402110829993035
235,95,512,2,1.0,276484,2211,2206,14.912759302998893,0.8644050289985898
236,95,512,4,1.0,276484,2211,2206,14.48280093500216,0.8227487629992538
237,95,512,8,1.0,276484,2211,2206,14.689211602999421,0.825541318001342
238,95,512,16,1.0,276484,2211,2206,16.054877929000213,0.8771370640024543
239,95,512,32,1.0,276484,2211,2206,16.640035799002362,0.894817664000584
240,95,512,64,1.0,276484,2211,2206,17.444746549001138,0.8451740499986045
241,95,512,128,1.0,276484,2211,2206,17.765563758999633,0.823381315000006
242,95,512,256,1.0,276484,2211,2206,18.334446004999336,0.7949070390022825
243,95,1024,1,1.0,276484,2211,2206,16.830744486000185,0.8387161480022769
244,95,1024,2,1.0,276484,2211,2206,14.866487541003153,0.8827366860023176
245,95,1024,4,1.0,276484,2211,2206,14.46460798499902,0.8334116929981974
246,95,1024,8,1.0,276484,2211,2206,14.584454636998998,0.8015009789996839
247,95,1024,16,1.0,276484,2211,2206,16.084479368000757,0.9026490329997614
248,95,1024,32,1.0,276484,2211,2206,16.788033720000385,0.850207246003265
249,95,1024,64,1.0,276484,2211,2206,17.497390272001212,0.806715370999882
250,95,1024,128,1.0,276484,2211,2206,17.753818291999778,0.8408763099978387
251,95,1024,256,1.0,276484,2211,2206,18.262685962999967,0.8798425669992866
